contact,Beat Name,Outlet Name
8910050298,Beat 1,outlet 1
8910050298,Beat 1,outlet 2
8910050298,Beat 1,outlet 3
8910050298,Beat 1,outlet 4
8910050298,Beat 1,outlet 5
8910050298,Beat 1,outlet 6
8910050298,Beat 1,outlet 7
8910050298,Beat 1,outlet 8
8910050298,Beat 1,outlet 9
8910050298,Beat 1,outlet 10
8910050298,Beat 1,outlet 11
8910050298,Beat 1,outlet 12
8910050298,Beat 1,outlet 13
8910050298,Beat 1,outlet 14
8910050298,Beat 1,outlet 15
8910050298,Beat 1,outlet 16
8910050298,Beat 1,outlet 17
8910050298,Beat 1,outlet 18
8910050298,Beat 1,outlet 19
8910050298,Beat 1,outlet 20
8910050298,Beat 1,outlet 21
8910050298,Beat 1,outlet 22
8910050298,Beat 1,outlet 23
8910050298,Beat 1,outlet 24
8910050298,Beat 1,outlet 25
8910050298,Beat 1,outlet 26
8910050298,Beat 1,outlet 27
8910050298,Beat 1,outlet 28
8910050298,Beat 1,outlet 29
8910050298,Beat 1,outlet 30
8910050298,Beat 1,outlet 31
8910050298,Beat 1,outlet 32
8910050298,Beat 1,outlet 33
8910050298,Beat 1,outlet 34
8910050298,Beat 1,outlet 35
8910050298,Beat 1,outlet 36
8910050298,Beat 1,outlet 37
8910050298,Beat 1,outlet 38
8910050298,Beat 1,outlet 39
8910050298,Beat 1,outlet 40
8910050298,Beat 1,outlet 41
8910050298,Beat 1,outlet 42
8910050298,Beat 1,outlet 43
8910050298,Beat 1,outlet 44
8910050298,Beat 1,outlet 45
8910050298,Beat 1,outlet 46
8910050298,Beat 1,outlet 47
8910050298,Beat 1,outlet 48
8910050298,Beat 1,outlet 49
8910050298,Beat 1,outlet 50
